Year,Measure,Jan,Feb,Mar,Apr,May,Jun,Jul,Aug,Sep,Oct,Nov,Dec,
1872,max,,,48,85,85,94,98,95,95,75,62,47,
1873,max,52,52,60,66,89,93,96,96,90,73,57,62,
1874,max,60,54,63,67,86,98,94,91,90,71,64,59,
1875,max,36,60,56,69,84,94,93,87,87,74,60,58,
1876,max,70,56,68,76,86,90,96,96,91,70,75,48,
1877,max,50,56,57,73,86,92,91,92,88,82,66,59,
1878,max,54,56,71,77,85,92,98,87,91,80,61,59,
1879,max,56,56,61,70,93,96,94,95,89,88,69,63,
1880,max,59,64,72,73,97,93,101,96,93,80,64,50,
1881,max,48,55,53,80,91,86,89,97,102,90,71,66,
1882,max,52,60,61,68,81,94,98,92,88,83,72,54,
1883,max,50,60,58,74,88,91,96,92,79,80,69,58,
1884,max,52,59,60,69,88,93,90,94,94,83,65,62,
1885,max,60,52,59,82,84,92,93,89,84,73,69,63,
1886,max,54,57,64,84,85,82,95,90,85,80,66,55,
1887,max,56,48,53,80,89,89,95,86,80,73,69,59,
1888,max,57,56,58,66,77,96,89,88,80,69,74,60,
1889,max,60,50,64,81,91,87,86,84,83,74,66,65,
1890,max,66,64,68,72,80,87,95,89,83,77,64,56,
1891,max,56,62,55,78,81,96,90,90,90,83,66,64,
1892,max,63,46,56,77,78,96,96,94,80,78,66,48,
1893,max,53,53,58,68,88,94,91,93,80,79,68,57,
1894,max,56,51,70,79,88,95,97,90,88,76,66,55,
1895,max,54,46,58,80,90,96,85,89,96,70,73,64,
1896,max,45,56,64,84,94,92,93,95,90,76,72,58,
1897,max,60,52,57,81,76,87,94,86,94,88,68,64,
1898,max,55,59,66,72,84,92,99,94,92,85,63,58,
1899,max,57,54,65,83,89,93,94,90,82,77,66,66,
1900,max,60,60,59,81,93,94,97,97,91,82,73,59,
1901,max,50,47,58,75,84,97,96,88,89,76,65,64,
1902,max,54,52,69,75,88,92,91,85,89,76,70,58,
1903,max,50,62,76,83,88,85,93,86,91,76,74,55,
1904,max,46,49,70,70,87,92,89,89,86,74,60,49,
1905,max,52,43,69,74,83,90,94,90,81,80,64,61,
1906,max,68,63,56,70,86,88,89,93,90,73,68,54,
1907,max,58,52,71,73,81,94,91,94,87,74,61,64,
1908,max,57,60,70,85,88,90,97,90,88,80,65,67,
1909,max,60,59,55,83,83,94,95,94,82,77,76,56,
1910,max,57,60,78,78,86,92,94,88,82,85,61,55,
1911,max,60,56,66,80,92,86,104,92,85,73,68,68,
1912,max,53,57,64,77,86,92,99,90,90,86,70,69,
1913,max,62,60,73,76,78,91,96,96,86,74,71,56,
1914,max,63,56,74,87,95,94,90,90,94,83,74,62,
1915,max,62,61,60,84,80,87,90,89,94,78,72,61,
1916,max,66,57,55,68,85,84,93,95,90,84,68,59,
1917,max,55,53,61,72,80,87,98,98,83,71,65,48,
1918,max,54,57,69,76,89,92,98,96,81,79,65,63,
1919,max,59,52,63,68,93,98,101,90,91,81,65,61,
1920,max,48,52,72,67,86,90,90,93,85,82,64,58,
1921,max,56,59,83,77,93,93,95,92,93,79,72,58,
1922,max,51,56,79,85,86,92,93,93,84,87,66,61,
1923,max,55,45,67,87,89,96,94,94,82,81,62,62,
1924,max,61,44,59,69,76,90,95,98,90,81,76,64,
1925,max,48,59,72,82,83,100,95,92,90,79,66,59,
1926,max,56,48,60,78,84,88,103,94,89,84,71,51,
1927,max,52,49,69,89,77,90,95,85,85,89,76,65,
1928,max,58,54,70,84,74,90,94,96,85,88,76,61,
1929,max,60,56,69,84,96,94,94,90,97,78,77,52,
1930,max,64,68,60,78,95,95,94,98,91,87,71,58,
1931,max,55,49,57,78,94,97,97,97,95,84,78,61,
1932,max,69,55,63,76,93,88,90,91,87,81,66,66,
1933,max,60,66,60,76,90,99,98,95,86,75,70,50,
1934,max,56,44,68,72,87,94,93,86,81,71,69,65,
1935,max,56,53,71,84,85,89,92,90,80,78,71,45,
1936,max,54,46,70,80,91,85,98,94,90,79,75,59,
1937,max,64,56,57,71,93,95,99,98,93,74,66,50,
1938,max,57,53,78,89,81,93,90,94,82,87,77,57,
1939,max,55,66,58,69,90,88,93,92,96,87,61,57,
1940,max,52,47,60,75,75,90,95,86,86,77,71,58,
1941,max,48,47,56,89,92,96,96,94,94,84,75,59,
1942,max,60,48,65,86,88,91,93,92,91,82,71,59,
1943,max,47,63,68,75,85,97,93,94,85,81,67,52,
1944,max,58,55,64,75,96,95,95,101,90,86,69,50,
1945,max,59,51,86,85,79,96,93,94,95,84,74,52,
1946,max,57,59,85,66,87,94,96,90,88,86,72,63,
1947,max,61,53,58,75,87,89,90,99,88,89,59,60,
1948,max,45,54,72,74,83,92,96,100,90,79,73,58,
1949,max,60,61,71,77,90,95,100,101,85,86,68,64,
1950,max,72,52,70,75,80,93,93,87,86,85,83,63,
1951,max,61,66,65,74,91,91,92,89,90,72,71,64,
1952,max,55,52,63,80,82,100,100,91,90,78,71,52,
1953,max,58,60,69,71,86,98,96,98,100,80,74,64,
1954,max,53,61,70,85,85,93,95,92,84,90,66,57,
1955,max,45,57,63,78,89,92,98,100,90,82,60,48,
1956,max,44,53,52,83,93,97,93,93,86,87,71,62,
1957,max,58,68,63,88,89,95,98,96,93,78,70,63,
1958,max,53,45,58,78,80,89,93,90,89,82,67,54,
1959,max,62,54,70,75,93,96,92,96,92,85,73,61,
1960,max,57,56,62,78,83,91,92,93,93,76,67,57,
1961,max,56,65,65,71,88,95,91,92,94,81,76,57,
1962,max,56,61,75,91,91,92,89,89,86,79,62,64,
1963,max,54,49,78,75,88,95,98,91,87,90,71,52,
1964,max,55,47,72,82,93,94,97,85,87,77,68,60,
1965,max,57,53,60,76,92,91,93,93,89,76,68,63,
1966,max,61,54,66,70,86,94,97,92,92,78,69,70,
1967,max,62,58,64,75,77,94,89,86,83,81,68,58,
1968,max,50,48,64,69,77,91,98,93,84,85,63,57,
1969,max,49,40,57,83,87,95,95,93,95,79,61,60,
1970,max,49,58,57,75,92,90,92,94,92,76,63,59,
1971,max,46,53,65,72,79,94,94,93,92,86,76,64,
1972,max,59,55,62,74,86,86,94,88,88,72,66,62,
1973,max,61,54,67,84,87,97,96,99,94,77,71,63,
1974,max,63,57,70,85,89,93,95,91,87,78,77,58,
1975,max,62,54,57,70,90,94,95,102,81,78,76,66,
1976,max,56,63,72,94,83,95,93,93,88,77,66,59,
1977,max,47,48,81,88,92,90,102,95,92,77,67,55,
1978,max,58,44,60,75,86,89,99,93,88,78,70,62,
1979,max,61,53,72,77,95,95,94,91,85,83,72,68,
1980,max,57,53,59,75,89,96,99,94,96,72,64,61,
1981,max,49,66,77,78,91,92,99,90,90,74,69,58,
1982,max,56,54,63,83,84,85,98,87,87,82,76,70,
1983,max,59,57,61,83,81,97,99,97,99,85,69,59,
1984,max,51,60,54,84,89,98,98,93,85,78,68,73,
1985,max,45,70,74,84,89,84,92,93,90,78,73,60,
1986,max,58,47,77,72,90,89,95,87,87,80,72,64,
1987,max,50,47,65,72,93,87,95,96,86,73,78,58,
1988,max,58,60,69,67,85,98,99,96,83,83,67,60,
1989,max,54,66,81,66,82,93,96,90,86,76,71,53,
1990,max,63,65,73,92,81,87,93,92,87,86,77,67,
1991,max,49,65,79,86,91,97,99,93,90,80,73,64,
1992,max,58,55,61,76,92,87,89,91,85,78,64,56,
1993,max,62,51,60,73,91,93,99,96,93,77,78,56,
1994,max,54,62,67,88,86,95,97,92,87,77,79,65,
1995,max,66,55,67,68,89,95,100,96,89,83,65,50,
1996,max,60,58,62,80,91,87,89,90,85,73,73,61,
1997,max,55,66,63,75,76,94,95,94,84,84,66,53,
1998,max,60,53,89,78,89,88,93,92,88,77,63,76,
1999,max,62,58,72,76,87,97,98,94,87,75,72,59,
2000,max,64,61,72,75,91,92,87,89,87,80,66,64,
2001,max,44,54,51,85,92,92,95,97,87,83,73,72,
2002,max,65,60,66,93,84,93,97,101,91,85,70,61,
2003,max,44,53,69,84,82,93,93,93,83,74,76,58,
2004,max,50,55,67,86,89,93,89,91,85,74,66,61,
2005,max,63,54,55,87,78,95,94,97,91,81,70,51,
2006,max,60,57,73,77,84,93,96,98,84,80,69,67,
2007,max,69,49,68,86,92,96,92,96,95,86,69,53,
2008,max,67,62,60,84,83,95,95,87,89,74,70,63,
2009,max,40,60,61,93,92,84,87,95,81,73,69,69,
2010,max,57,50,72,90,94,94,100,96,95,84,64,57,
2011,max,56,60,70,78,87,92,103,93,87,87,69,63,
2012,max,60,59,83,87,86,97,97,92,82,78,66,60,
2013,max,61,47,59,75,94,95,99,89,97,82,72,57,
2014,max,59,55,60,75,85,89,92,91,93,81,66,64,
2015,max,52,39,57,69,89,88,92,91,96,76,76,69,
2016,max,58,65,77,78,92,87,98,98,93,81,70,58,
2017,max,61,73,63,86,95,95,93,91,88,80,75,59,
2018,max,61,72,64,70,90,92,98,98,97,86,70,65,
2019,max,59,65,70,77,89,87,98,95,92,81,72,63,
2020,max,74,64,72,62,83,92,95,94,85,78,75,63,
2021,max,52,50,74,78,92,100,95,96,86,78,70,64,
2022,max,52,69,68,73,89,90,100,98,84,78,77,63,
2023,max,58,62,61,88,86,84,91,88,93,83,,,
1872,min,,,-8,28,40,47,55,50,43,35,15,-8,
1873,min,-5,-4,12,34,34,47,55,50,42,32,11,6,
1874,min,0,0,6,11,32,49,54,51,46,36,13,-2,
1875,min,-2,-5,2,21,37,46,54,54,35,30,-2,-11,
1876,min,5,-6,5,24,34,44,52,50,44,26,14,-4,
1877,min,2,13,8,29,34,47,57,58,44,31,24,14,
1878,min,-6,4,10,34,38,45,54,53,40,33,22,10,
1879,min,0,4,8,19,38,45,50,52,34,25,9,0,
1880,min,8,-5,12,22,33,48,52,47,43,27,11,-4,
1881,min,-2,-5,24,20,36,44,54,53,49,28,15,10,
1882,min,-13,4,15,19,31,48,52,51,46,39,19,6,
1883,min,0,11,8,23,37,51,51,48,41,29,14,-12,
1884,min,0,3,4,27,35,42,54,51,40,31,22,-10,
1885,min,-2,1,3,27,35,45,51,47,39,33,23,12,
1886,min,-10,-7,-1,27,38,50,54,49,41,27,24,6,
1887,min,-5,5,10,23,45,48,61,52,40,27,12,5,
1888,min,-6,-4,10,21,35,49,51,52,36,34,13,5,
1889,min,9,-1,22,32,41,50,55,52,43,32,21,10,
1890,min,8,5,4,26,39,50,52,50,39,36,15,0,
1891,min,12,2,3,27,33,45,56,54,50,28,9,11,
1892,min,1,5,14,27,39,49,54,55,46,36,20,0,
1893,min,-4,-1,13,26,38,52,54,53,43,30,20,0,
1894,min,2,-7,20,23,39,47,56,47,42,38,15,8,
1895,min,4,-6,14,27,36,50,54,50,42,32,21,8,
1896,min,-10,-11,12,25,38,49,57,52,40,33,22,4,
1897,min,2,12,7,21,39,47,55,53,41,32,13,9,
1898,min,1,5,25,23,39,50,55,55,44,35,22,0,
1899,min,-3,-4,15,28,41,52,55,53,44,34,25,5,
1900,min,8,-4,7,27,33,46,55,52,44,32,21,8,
1901,min,-3,10,9,33,38,49,53,59,44,35,12,9,
1902,min,4,12,26,34,34,49,52,53,47,33,28,-8,
1903,min,-1,3,23,26,34,48,55,52,42,31,15,2,
1904,min,-6,-1,8,26,43,48,56,52,35,27,15,6,
1905,min,4,3,12,30,38,46,59,51,41,32,13,8,
1906,min,9,-1,8,28,38,46,55,57,44,35,23,1,
1907,min,-7,-2,14,27,33,45,58,54,44,32,25,20,
1908,min,1,-2,15,24,39,49,58,47,47,35,25,10,
1909,min,3,3,17,25,38,49,53,50,46,33,27,4,
1910,min,-3,-3,17,35,40,46,58,54,47,33,26,6,
1911,min,4,4,14,23,33,50,57,55,41,34,25,15,
1912,min,-5,-1,11,27,42,45,56,49,40,36,24,15,
1913,min,13,3,10,29,37,47,60,56,41,31,27,18,
1914,min,-9,-11,16,27,38,49,51,55,34,29,20,-2,
1915,min,3,10,13,30,39,44,58,51,44,37,29,16,
1916,min,4,0,7,32,44,49,56,54,44,36,22,10,
1917,min,5,-3,17,26,36,50,56,58,40,37,13,-14,
1918,min,-3,-10,11,31,44,47,54,53,45,38,19,13,
1919,min,2,16,15,19,41,49,55,55,45,33,25,-6,
1920,min,-8,-7,10,26,36,47,56,56,45,37,22,5,
1921,min,0,8,20,32,41,49,58,55,53,31,25,2,
1922,min,0,-4,14,29,43,52,58,54,42,28,24,8,
1923,min,5,2,4,13,35,47,56,51,47,35,28,19,
1924,min,-6,10,21,28,42,48,58,56,44,36,14,-1,
1925,min,0,14,11,31,42,53,54,50,41,30,14,4,
1926,min,4,11,12,21,41,46,56,55,47,35,20,4,
1927,min,0,11,16,29,41,50,53,54,50,36,26,13,
1928,min,11,-1,17,28,41,51,57,58,42,28,18,17,
1929,min,6,14,9,29,42,45,54,54,40,34,12,7,
1930,min,8,-1,19,26,45,45,58,53,49,34,16,4,
1931,min,7,1,27,32,37,48,60,58,46,40,25,14,
1932,min,18,11,12,28,43,42,57,59,40,38,8,0,
1933,min,9,9,11,29,40,47,52,55,47,27,12,-17,
1934,min,-2,-18,6,32,41,50,57,50,52,32,23,3,
1935,min,-5,-1,16,28,37,50,58,52,42,32,20,3,
1936,min,4,4,15,29,34,52,57,54,41,25,13,10,
1937,min,15,10,15,31,42,53,55,57,45,32,23,16,
1938,min,3,8,7,25,41,48,54,56,45,38,12,13,
1939,min,4,9,9,26,39,52,56,60,45,31,21,6,
1940,min,8,10,14,26,43,46,55,46,42,28,17,2,
1941,min,3,8,12,32,36,50,57,53,40,29,26,7,
1942,min,1,1,30,32,44,48,58,50,39,36,20,-11,
1943,min,3,-14,6,20,35,49,53,56,44,35,24,0,
1944,min,6,7,10,29,40,47,59,53,42,30,29,8,
1945,min,-4,11,24,33,35,41,55,55,40,34,25,8,
1946,min,-3,4,24,24,36,45,54,52,45,38,27,8,
1947,min,8,8,22,30,36,46,59,54,37,38,25,12,
1948,min,-3,2,1,30,42,47,53,58,44,33,28,7,
1949,min,14,7,13,33,42,51,59,54,44,37,15,15,
1950,min,6,-1,2,28,35,50,56,56,38,33,27,4,
1951,min,1,8,21,37,41,51,60,54,39,37,16,9,
1952,min,1,14,17,34,39,55,56,54,46,31,28,9,
1953,min,15,10,10,32,39,49,57,55,40,38,30,12,
1954,min,3,-1,21,17,42,49,59,52,47,37,28,16,
1955,min,10,-1,17,33,42,50,59,54,43,34,22,-2,
1956,min,5,9,13,32,34,47,55,56,41,35,20,8,
1957,min,-12,13,20,31,37,51,58,52,40,35,17,17,
1958,min,4,-4,27,30,39,48,58,56,46,33,18,6,
1959,min,2,0,18,33,42,47,59,55,44,33,22,12,
1960,min,9,20,10,31,43,51,59,55,48,31,28,7,
1961,min,4,-4,16,32,38,49,57,55,46,35,27,11,
1962,min,6,-1,7,31,40,51,55,55,41,31,27,-4,
1963,min,4,-3,21,28,36,49,55,54,39,35,30,3,
1964,min,10,13,19,24,38,49,57,52,42,34,24,12,
1965,min,-4,6,18,22,42,46,54,47,38,32,26,13,
1966,min,6,3,22,34,38,51,59,59,46,32,27,14,
1967,min,7,-3,6,27,37,47,56,56,45,34,21,18,
1968,min,-4,5,11,32,44,50,58,57,51,39,32,-3,
1969,min,7,12,15,25,43,55,58,54,46,30,22,12,
1970,min,3,7,19,28,39,50,58,59,48,34,25,13,
1971,min,2,5,23,30,43,48,58,52,49,45,24,13,
1972,min,5,0,18,25,40,48,58,54,50,32,17,14,
1973,min,1,3,26,31,42,50,59,57,43,37,30,11,
1974,min,-3,8,15,27,37,48,58,57,39,30,23,17,
1975,min,11,7,14,31,43,49,56,53,46,34,33,4,
1976,min,-4,12,18,24,44,53,58,49,46,28,23,6,
1977,min,3,9,27,26,35,50,57,56,47,37,29,5,
1978,min,10,3,16,29,37,52,56,55,42,33,17,19,
1979,min,4,-3,19,33,45,50,55,54,42,32,29,5,
1980,min,11,9,7,33,44,47,57,58,45,34,26,-7,
1981,min,-4,13,20,31,40,54,56,51,44,37,26,14,
1982,min,-2,15,10,16,44,45,57,48,50,35,25,10,
1983,min,0,7,22,34,40,53,60,55,51,32,28,0,
1984,min,1,13,6,29,41,51,58,56,40,33,25,13,
1985,min,6,8,18,26,39,51,54,53,45,35,25,7,
1986,min,1,13,7,34,36,45,54,47,45,34,19,15,
1987,min,8,-1,12,31,39,50,57,54,48,37,16,3,
1988,min,-4,8,12,33,41,47,50,53,44,31,28,2,
1989,min,5,10,9,31,44,53,59,54,42,38,15,4,
1990,min,14,3,12,31,42,49,57,55,44,34,28,18,
1991,min,4,9,23,35,44,50,58,57,39,34,28,10,
1992,min,7,7,9,31,37,48,54,57,39,35,25,13,
1993,min,10,2,12,33,45,48,56,57,43,34,18,7,
1994,min,-4,3,18,34,43,50,61,56,50,39,22,13,
1995,min,12,1,19,20,38,53,59,55,46,38,23,17,
1996,min,3,4,13,32,39,51,59,59,47,36,20,5,
1997,min,0,15,17,26,43,47,56,58,44,32,22,13,
1998,min,7,7,10,34,41,48,60,57,46,38,31,11,
1999,min,2,8,13,32,43,51,55,55,50,35,27,12,
2000,min,0,13,16,34,42,46,55,56,38,33,17,8,
2001,min,12,10,17,32,38,50,56,58,48,34,29,23,
2002,min,22,13,19,28,37,47,58,58,50,32,19,12,
2003,min,1,0,9,28,39,50,59,55,49,33,27,16,
2004,min,-7,12,21,30,40,49,59,56,47,38,24,6,
2005,min,-2,13,11,33,39,48,56,60,48,33,21,10,
2006,min,10,7,18,33,44,52,62,55,45,37,32,20,
2007,min,3,8,5,28,42,50,56,55,47,37,22,17,
2008,min,7,11,25,33,40,52,61,56,48,33,22,9,
2009,min,6,8,14,34,45,48,58,56,46,34,35,10,
2010,min,6,14,25,35,40,53,60,60,51,37,28,14,
2011,min,-2,13,12,33,44,49,63,62,48,34,31,18,
2012,min,6,16,20,34,45,50,61,60,49,35,30,21,
2013,min,4,15,21,31,40,53,60,59,44,35,18,9,
2014,min,2,8,11,31,43,51,59,58,46,39,23,18,
2015,min,-1,-3,9,30,39,46,59,61,48,31,28,24,
2016,min,8,-9,21,22,42,54,59,61,48,34,30,4,
2017,min,11,11,9,33,42,47,56,57,50,40,22,2,
2018,min,-2,10,16,29,44,49,61,62,53,34,14,20,
2019,min,5,10,15,30,43,53,63,57,50,42,21,15,
2020,min,14,12,19,31,34,47,59,58,44,28,22,16,
2021,min,7,11,13,29,44,54,57,62,52,41,26,20,
2022,min,4,10,17,35,41,51,61,63,48,39,25,11,
2023,min,23,-10,28,31,42,47,61,59,49,53,,,
1872,mean,,,18.2,37.5,50.7,61.1,65.4,63.7,56.1,44.4,33.5,15.6,
1873,mean,17.3,19,26.4,38.1,46.7,56.7,63.3,61.3,53.3,44.4,25.7,24.6,
1874,mean,22.8,18.6,25.6,30.8,46.4,57,63.1,59,56.8,44.5,33.3,22.3,
1875,mean,12.5,13,23.3,33.7,48.1,56.4,62.3,63.3,50.6,42.1,26.5,21.6,
1876,mean,21.5,18.7,24.6,35.1,45.5,60,65.4,61.5,52.6,38.6,35.2,12.8,
1877,mean,15.6,25.3,27.3,37.2,45.9,57.8,63.5,63.9,56.2,43.2,36.8,27.3,
1878,mean,18.2,21.9,31,41.8,48.5,55.6,64.5,61,55.7,47.4,33.4,23.1,
1879,mean,14.1,15.2,25.7,33.6,50.2,55.1,61.5,60.6,52.4,47.6,30.1,23.5,
1880,mean,25.5,21.2,25,36.9,52.7,58.5,62.7,60.1,55.8,41.6,29.8,19.3,
1881,mean,13.1,18.6,31,34.5,46.7,52.2,60.7,61.9,59,43.9,34,29.8,
1882,mean,16.7,21.3,27.1,33.2,41.4,56.4,62.9,61,56.6,47.5,31.5,22.6,
1883,mean,15.4,19.3,21.1,35.8,47.4,60.3,61.2,58.6,51.2,39.2,33.9,20.9,
1884,mean,16.2,23.1,26.1,36.8,45.5,56.5,60,61.8,57.2,43.8,32.6,26.2,
1885,mean,18,12.6,18.5,38.4,45.6,56.2,63.4,60.5,51,44.2,37.2,24.7,
1886,mean,18.7,18.1,26.2,40.5,48.2,55.6,62.9,59.5,55.4,44.3,35.5,20.7,
1887,mean,15.7,20.9,24,36,51.8,57,67,60.3,51.9,44.1,33.7,25.6,
1888,mean,11.4,19.5,24.7,34.7,45.5,57.2,60.1,61.4,53.5,41.2,36.5,27.8,
1889,mean,29.5,19,32.1,40.8,51,61.3,62.8,60.9,56.7,42.5,38.9,30.8,
1890,mean,23.6,25.3,27.6,38.3,48.9,56.3,62.9,61.7,56.2,45.6,34.5,17.8,
1891,mean,24.6,24.4,27.3,39.3,47,56.6,61.4,63.2,59.5,44.5,34.5,33.4,
1892,mean,20.8,23,26.1,39.3,48.7,61,64.6,63.6,54.2,45.4,35.2,23.5,
1893,mean,12.5,17.9,26.8,36.1,48.3,57.2,62.5,62.4,52.2,47.6,34.4,20.5,
1894,mean,22.7,18.6,34.1,39.3,48.6,58.6,65.1,60.2,57.7,47.4,31.5,24.9,
1895,mean,21.4,16,28,38.1,50.3,59.7,61.7,62.7,57,41.4,37.9,27.8,
1896,mean,18.5,20.1,24.4,39.1,50.8,57.8,64,63.1,54.6,43.7,38.5,23.1,
1897,mean,20.8,24.3,29.3,39.7,49.7,54,64.1,61.9,54.2,45.5,33.2,27.7,
1898,mean,21.5,25.8,35.8,37.2,48.8,57.9,64,65.4,57.3,47.3,35.7,25,
1899,mean,20,19.5,27.4,38.8,49,60.3,63.6,61.4,53.7,47.3,35.1,29.1,
1900,mean,20.6,21.6,24.5,39.8,45.4,59.1,64.9,63.2,57.6,49.8,37.5,26.2,
1901,mean,20.5,17.4,29.5,39,47.6,59.1,65.4,64,57.2,45.6,30.9,25.4,
1902,mean,19.2,22.6,36.4,40.9,48.6,54.8,60.7,60.1,56.2,45.7,37.9,20.5,
1903,mean,21.3,24.4,36.4,40.1,49.5,53.4,63.2,58.5,56,46.9,33,21.3,
1904,mean,14.1,13.8,27.2,36.7,52.2,56,63.6,61.1,54.3,42.2,30.9,18.7,
1905,mean,17.7,15.7,29.1,38.2,48.9,56.7,65.4,61.6,54.9,45.7,33.4,27.6,
1906,mean,28.2,21.6,25,39.6,49,57.6,63.6,64.7,56.6,45.8,35.3,21.5,
1907,mean,19.4,13,30.5,35.4,44.7,56.5,64,61.7,57.3,41.5,37.4,30.5,
1908,mean,22.6,18.9,30.6,37.9,50.8,60.1,65.4,62.6,57.8,47.6,36.2,25.6,
1909,mean,22.5,24.7,29.9,39.4,48.3,61,62.8,61.9,55.4,45.3,39.2,25.1,
1910,mean,24.9,21.3,34.3,43.8,50.5,57.5,66.6,61.7,55.3,47.4,35.8,20.2,
1911,mean,24,19.5,27.8,38,52.8,57.9,68.2,61.7,55.2,46,34.2,33,
1912,mean,14.1,20.2,27.6,38.9,50.5,58.1,64.5,61.1,56,49,38.3,31.8,
1913,mean,30.6,19.1,32.9,41.3,47.5,57.7,64.6,62.3,54.1,51.1,39.3,30.7,
1914,mean,20.9,16.7,29.9,36.8,50.6,58.3,61.1,63,55.3,48.6,34.7,23.7,
1915,mean,26.6,25.9,27.3,42.1,48,56.5,63,61.9,59.2,48.2,38.4,28.1,
1916,mean,24.4,18,23.7,38.9,50.5,55.4,65,63.7,55.9,46.7,34.9,26.9,
1917,mean,22.8,17.9,30,37.9,43.7,57.2,65.6,64.8,52.4,44.2,31.9,15.9,
1918,mean,14.1,17.3,27.8,39.6,53.2,55.9,63,62.6,53.5,47.8,38.6,28.3,
1919,mean,25.6,25.4,33.3,39.5,50.7,58.5,66.1,61.2,55.8,47.4,35.6,21.3,
1920,mean,12.5,20.6,30.5,38,47.5,57.6,63.4,65.2,57.6,51,35,29.5,
1921,mean,24.2,25.5,36.7,44,50,59.3,66.2,61.5,60.1,46.6,35.4,24.1,
1922,mean,20.3,24.3,31.8,39.7,52,60.8,64.4,63.4,57.1,46.3,37.4,24.5,
1923,mean,19.5,16.7,25.2,38.4,48.6,59.6,62.2,60.5,56.7,47.5,37.8,34.3,
1924,mean,23.3,19.8,31.6,39.6,48.8,58.2,64.8,64.4,54.4,45.9,37.2,23.4,
1925,mean,19.4,30.8,34.6,41.2,48.4,61.1,64.1,62.3,56,41.9,36,27.7,
1926,mean,23.7,20.5,27,36.2,47.7,55.6,62.6,63.2,54.8,44.6,36.2,21.1,
1927,mean,23.4,25.9,33.6,38.7,47.9,56.6,64.1,59.8,56.5,49.3,41.7,28.1,
1928,mean,25.9,21.3,29.4,37.8,47.9,57.5,65.3,66.1,54.9,47.3,37.4,32.4,
1929,mean,21.2,25.1,33,39.7,50,59,62.9,60.1,56.7,44.5,38.2,26.1,
1930,mean,24.3,25.1,30.4,38,51.1,62.8,64.9,62.6,60.3,45.5,38.2,26.9,
1931,mean,23.1,22.6,33.8,41.6,50.5,58.9,66.7,64.7,58.7,50.1,42.1,29,
1932,mean,32.4,23.4,27.9,39.2,50.6,57.2,63.5,65.4,57,50,34.5,30.5,
1933,mean,30.7,25.5,29.8,39.7,52.5,59.3,62.4,64,58.1,44.5,29.9,18.8,
1934,mean,22.1,7.9,26.1,39.6,51,58.1,64.7,59.5,58.7,43,38.3,21,
1935,mean,14.8,19.5,29.9,38.5,47,57.7,65.4,62.7,53.6,44.9,39.3,20.9,
1936,mean,21,15.5,34.4,37.8,50.2,58.3,62.2,61.4,55.2,46.1,31.5,27,
1937,mean,29.5,26.6,26.5,38.3,50.1,58.6,64.7,66.3,55.3,45,36.7,25,
1938,mean,20.8,23.1,30.9,40.2,47.8,58.4,64.2,65.2,54.2,48.6,38.4,27.9,
1939,mean,20.7,24.1,26.1,37,48,58.2,63.6,66.2,55.6,45.2,33,26.4,
1940,mean,16.4,23.2,26.7,36.5,48.8,56.7,63.2,60.3,55.3,42.4,36.3,26.7,
1941,mean,18.9,22.3,26.2,42.4,50.5,59.1,63.8,61.3,55.8,47.1,39.3,27.8,
1942,mean,20.7,20.1,34.3,40.9,52,59.4,63.4,63,56.9,48.1,36,21.7,
1943,mean,19.4,22.4,28.4,35.2,49.4,60.9,65.5,63.1,55.3,46.7,36.5,21.2,
1944,mean,24.8,21.4,26.7,37.5,53.5,58.2,65.1,65.1,57.3,45.4,36.1,23.4,
1945,mean,16.1,23.7,37.6,43.9,47.4,58,64.1,62.1,58.4,44.3,38.3,22.2,
1946,mean,20.5,18.6,37.3,38.7,48.7,57.9,62,60.6,57.7,48.7,40.5,26.3,
1947,mean,24.3,21.4,30.4,38.6,47.9,56.3,66.5,64.5,56.1,51.6,34.7,23,
1948,mean,16.4,18.3,28.9,39.4,47.8,55.5,65.1,65.1,56.2,46.2,43.2,30,
1949,mean,27.6,26.8,31.2,42.5,50.7,61.4,67.3,65.5,55.3,50.2,36,29.4,
1950,mean,27.6,20.5,24.9,38.4,47.3,58.7,64.5,62.8,53.6,48.3,40,29,
1951,mean,26,26.4,32.8,42.8,49.8,58,65.5,62.5,57,47.8,34.8,27.5,
1952,mean,24.8,26.1,31.3,42.7,49.2,61.5,68.2,64.2,57.6,44.1,38.6,29.9,
1953,mean,28,27.6,32.3,42.1,50.1,60.5,64.4,63.1,57.6,48.2,41.3,32.2,
1954,mean,18.5,28.9,30.9,40.3,49.3,59,63.9,61.8,55.9,50.8,37.4,27.5,
1955,mean,22.2,24.9,30.4,42.1,52.3,58.5,67.9,66.5,55.8,47.9,36.4,20,
1956,mean,25.5,26.2,27.5,37.9,45.3,59.7,63.7,63.4,54.1,46.4,38.2,28.7,
1957,mean,15.1,27.3,32.3,40.8,50.7,61.5,65.3,61.1,58.6,46.7,40.2,33.2,
1958,mean,24.7,19,34.4,41.2,48.6,56.2,64.9,63.8,56.3,45.3,39.1,19.3,
1959,mean,20.8,18,29.3,41,52.5,56.4,66.1,66.4,59.7,47.9,36.8,30.1,
1960,mean,24.7,28.4,25.8,40.3,52,61,64.3,64.4,56.9,46,40.6,21.8,
1961,mean,17.7,23.9,29.6,38.3,48.2,59.3,64.3,64.3,61.1,49.5,38.6,27.1,
1962,mean,20.6,18.8,31.6,39.7,48.7,59.2,62.3,62.3,54.8,46.8,35.2,22.6,
1963,mean,22.4,17.4,31.9,39.9,49.5,59.7,65.7,61.6,52.8,50.1,41.9,20.3,
1964,mean,24.7,22,31.6,38.6,50.2,57.6,63.5,58.3,54,44,36.7,25.9,
1965,mean,18,20.4,29.5,36.4,49.4,57.6,62.3,61.5,55.2,44.4,35.3,29.8,
1966,mean,22.5,24.8,32.5,39.3,49.3,60.4,65.8,63.6,56.2,46.2,40.4,27.6,
1967,mean,28.7,18.8,27.5,36.8,44.1,58,66.4,64.2,54.3,46.1,34.2,28.9,
1968,mean,18.2,18.9,32.2,42.4,49.3,58.4,66.5,63.4,59.2,51.2,38.6,24.7,
1969,mean,23.4,25,29.5,41.8,50.3,61.3,64.7,65.6,56.5,47,39.2,27.9,
1970,mean,16.6,24.1,30.9,41.1,50.8,58,65.5,64.6,57.3,48,39.4,22.2,
1971,mean,16.6,24.1,30,36.5,47.6,59,64.4,64.5,60.5,52.4,36.2,28.9,
1972,mean,25,21.8,30.1,37.5,49.4,57.9,65.5,62.9,57.7,44.5,36.3,27.1,
1973,mean,23.7,22.9,36.4,41.9,49.6,61.4,66.2,66.9,56.4,48.2,39.5,32.4,
1974,mean,24.6,21.5,30.2,41.7,47.6,56.4,64.1,64.5,56.5,41,38.5,32.1,
1975,mean,28.4,25.6,29.9,37.2,52,60.1,67.3,65.4,56.5,49.7,44.2,26.4,
1976,mean,18.1,28.4,32.8,45.2,51,63.9,65,63.7,55.9,45.1,35,20.7,
1977,mean,16.7,24.8,36.8,41.4,52.2,59,65.7,64.5,57.7,48.5,42.6,27.7,
1978,mean,21.3,20.1,29.6,41.8,52.1,59,63.5,65,52.8,44.5,37.1,28.5,
1979,mean,25.8,15.8,35,41.7,53.7,59.1,66.1,64.7,57,45.3,41.2,29.1,
1980,mean,23.2,20.7,29.2,41.2,51.2,57.6,66.9,66.4,58.1,45.1,33.5,19.5,
1981,mean,14.3,28.7,31.7,42.6,51.3,62.4,66.5,63.8,55.8,44,37.6,28.5,
1982,mean,15.2,24.3,30.9,38.2,50.8,56.3,66.3,62.6,56.9,46,40.1,32.6,
1983,mean,24.8,25.7,33.9,42.7,50.8,61.6,68.7,65.5,61.7,47.8,38.9,24.6,
1984,mean,20.9,31,25.9,39.8,49.8,61.3,65.8,66.8,52.7,46.3,37,31.9,
1985,mean,17.5,25.5,31.8,40.9,49.8,57.2,65.1,63.5,57.6,47.5,39,24.5,
1986,mean,23.1,22.9,31.3,42.1,50,56.7,63.5,62.7,55,46,33.9,29.3,
1987,mean,22.2,21,31.7,39.4,48.2,56.9,64.1,62.3,58.2,46.1,36.1,29.8,
1988,mean,20.5,24.7,30.8,40.7,49.9,59.2,64.8,67.3,55.9,43.3,38.7,25.1,
1989,mean,26.4,23.3,29.3,38.2,51.3,60.3,64.4,64,57.1,46.8,35.7,14.1,
1990,mean,29.5,25,31.4,40.1,47.5,58.3,65.2,66.3,56.9,49.9,40.1,32.6,
1991,mean,22.2,27.8,34.3,42.2,53.2,60.7,66.5,65.6,55.7,48.5,39.2,28.5,
1992,mean,23.8,24.8,28.1,38.6,47.6,58.8,61.5,62.7,56,44.7,36.7,28.3,
1993,mean,25.4,19,29.5,41.3,52,59.1,65.8,65.8,57.4,44.5,37.2,27.6,
1994,mean,13.4,19.7,31.4,42.3,49.3,61.9,68.8,63.8,57,47.1,40.6,31.4,
1995,mean,28.1,20.8,32.5,38.3,49.1,60.2,67.1,64.1,55.1,50.3,35.3,25.6,
1996,mean,22.7,24.3,28.9,40.3,48.9,60.3,64.3,64,58.1,45.8,33.8,33,
1997,mean,21.7,29,29.7,38.9,48,59.6,64.8,63.5,56.5,45.1,35.9,28.6,
1998,mean,28.1,29.5,34.3,42.1,51.9,57.3,66.1,64.7,58.1,47.3,38.4,31.9,
1999,mean,21.5,26.4,31.5,41.1,50.7,62,67.2,63.7,59.9,44.6,40.4,30.7,
2000,mean,19.3,26.9,35.5,40.2,48.5,59.2,62.8,63.4,55.4,46,38.4,22.5,
2001,mean,23.7,24.3,29.9,40.7,51.1,62.4,61.9,66.7,57.2,47.4,40.5,34.6,
2002,mean,31,28,32.6,40.8,48.7,58,66.3,67.3,60.6,45.6,36.7,27.1,
2003,mean,17.7,20,28.8,37.5,47.9,58.3,66.4,66.6,59.4,45.6,39.2,29.2,
2004,mean,14.1,25.8,32.8,41.2,50.4,58,64.4,64.4,57.7,47.5,37.1,27.6,
2005,mean,19.7,24.9,28.5,41.3,46.2,59.6,65.3,66.5,60.1,48.5,38,26.6,
2006,mean,29.6,23.8,30.7,41.7,50.1,61.1,67.4,64,57.3,46.7,42.4,34.5,
2007,mean,25.9,19.3,28.9,38.7,52,60,64.8,64.7,59.2,51.5,36,26.2,
2008,mean,26.5,25.6,31.1,41.9,49.9,61.5,67.2,63.2,59,45.6,37.1,27.8,
2009,mean,18.5,24.9,30.6,41.9,51.3,57.5,63.6,66.4,56,44.7,42.9,26.6,
2010,mean,23.3,27.7,37.6,44.2,53.6,61.8,68.6,65.5,60.7,48.2,38.5,26.6,
2011,mean,21.5,22.3,31.5,42.4,52.5,60.1,68.9,66.8,60.3,51.1,42.2,32.4,
2012,mean,26.6,29.8,38.2,43.9,54,59.7,67.3,67.2,57.5,49.8,36.1,32.5,
2013,mean,24.3,25.4,31.6,40.7,50.4,61.1,69.4,64.5,56.3,49.1,34.7,26.4,
2014,mean,19.8,22.3,25.2,40.1,51,60.1,66,63.2,58.3,49.7,35.5,32.7,
2015,mean,19,10.1,25.5,40.2,51.4,57.3,66.2,66.6,61,46.6,41.3,38.8,
2016,mean,25.5,25.7,35,39.5,50.7,60,67.5,68.1,60.7,48.2,38.8,28.5,
2017,mean,29.2,28.5,26.6,43.5,50.2,60.6,64.9,64.5,59.8,53.8,36.1,24.8,
2018,mean,21.3,29.7,31.4,37.8,52.5,59.6,68.5,70,62.8,47.2,37,30.5,
2019,mean,23,26.3,31.5,43.9,50.5,60.8,70.7,66.5,60,51,35.6,30.8,
2020,mean,31.1,30.7,34.3,38.6,47.8,60.6,67.8,66.3,57.3,47.6,39.2,29.2,
2021,mean,25.1,25.4,32.7,42.7,52.9,65.1,65.7,70,62.6,53.7,37.4,32.7,
2022,mean,19.3,24.1,33.1,42.3,52.4,59.6,68.5,68.1,58.2,49.6,41.4,30.5,
2023,mean,32.1,26.5,34.4,43.6,51,59.4,68.3,65,61.6,,,,
1872,precipitation,2.11,2.31,4.05,1.31,3.29,4.84,4,10.72,6.04,4.85,3.66,3.09,
1873,precipitation,5.76,3.21,3.76,3.83,5.16,0.54,3.84,6.21,2.91,5.33,8.34,5.64,
1874,precipitation,4.32,3.41,1.6,8.07,3.71,3.94,3.47,6.67,2.05,1.39,2.85,2.14,
1875,precipitation,3.68,3.74,5.04,4.92,3.76,7.25,3.93,3.5,3.12,4.99,5.47,0.75,
1876,precipitation,1.87,4.54,7.19,3.61,2.7,1.72,5.86,1.23,3.84,1.66,11.03,3.66,
1877,precipitation,3.33,0.45,9.79,4.19,3.38,3.21,2.27,4.49,0.6,8.84,9.62,1.32,
1878,precipitation,7.6,4.4,5.91,6.14,1.03,2.28,4.58,7.66,3.47,6.76,8.94,6.76,
1879,precipitation,2.79,4.35,3.9,6.58,0.97,6.24,3.09,6.71,1.84,0.91,2.97,4.22,
1880,precipitation,3.72,4.11,3.25,2.85,1.63,0.75,6.86,2.9,2.36,3.15,2.3,3.42,
1881,precipitation,7.21,4.89,9.86,1.66,4.16,7.79,2.96,1.23,2.5,2.84,3.73,3.8,
1882,precipitation,3.68,4.77,3.35,2.5,6.05,1.03,3.91,1.46,10.93,2.29,1.2,2.65,
1883,precipitation,3.59,2.74,2.33,2.83,5.11,2.07,2.73,0.39,1.5,6.4,2.08,3.71,
1884,precipitation,6.27,5.74,4.86,4.76,3.31,4.01,4.25,5.01,0.31,3.17,3.03,4.46,
1885,precipitation,5.33,3,1.15,3.3,4.26,3.7,1.44,7.64,1.7,5.71,5.78,2.09,
1886,precipitation,7.08,7.04,3.2,1.7,3.08,1.34,1.81,3.64,2.73,3.27,3.59,3.66,
1887,precipitation,4.86,3.69,3.86,2.62,1.67,1.98,3.59,3.05,0.97,2.53,2.22,2.71,
1888,precipitation,2.26,2.36,3.32,2.04,5.2,2.69,1.79,6.53,6.77,3.58,4.97,4.38,
1889,precipitation,4.11,1.54,1.19,3.07,4.15,2.77,5.8,4.02,3.19,3.31,4.91,1.83,
1890,precipitation,2,2.29,5.88,2.29,4.48,2.21,1.93,2.7,5.04,5.63,0.97,3.72,
1891,precipitation,4.39,3.66,3.94,1.71,1.56,3.06,3.73,3.87,2.29,5.56,2.35,3.58,
1892,precipitation,4.62,2.15,3.91,0.93,5.15,3.05,2.56,4.87,1.9,2.31,4.45,1.12,
1893,precipitation,2.56,6.22,2.8,3.13,5.23,2.2,1.72,6.46,1.59,2.94,1.83,5.16,
1894,precipitation,3.01,3.15,1.01,3.78,4.15,0.8,3.09,3.03,2.14,5.11,3.1,4.28,
1895,precipitation,3.79,1.11,2.72,3.65,2.71,1.73,2.98,3.24,1.53,6.19,8.07,2.45,
1896,precipitation,2.25,3.94,5.41,1.56,1.68,2.71,2.9,2.15,6.4,3.15,3.7,1.7,
1897,precipitation,3.16,2.12,2.79,3.17,4,4.46,4.22,3.95,2.38,0.41,6.19,3.92,
1898,precipitation,3.5,4.81,1.82,6.39,4.33,1.6,4.42,6.38,1.93,7.17,5.32,2.19,
1899,precipitation,4.19,3.03,5.95,1.29,0.81,2.86,2.52,2.52,5.09,2.4,2.51,1.52,
1900,precipitation,4.2,6.83,4.6,1.9,5.07,1.85,2.69,2.46,4.62,3.41,4.17,2.25,
1901,precipitation,1.56,0.66,6.58,7.43,6.31,1.31,5.2,3.25,2.5,3.02,2.41,8.49,
1902,precipitation,1.65,4.19,5.29,2.87,1.07,1.77,2.88,2.2,2.08,4.36,1.09,4.48,
1903,precipitation,3.43,3.9,5.95,4.43,0.32,7.19,2.99,3.33,2.43,3.95,1.48,2.57,
1904,precipitation,4.8,2.49,2.43,9.14,3.38,2.06,1.23,2.19,5.57,2.13,1.7,2.52,
1905,precipitation,4.09,1.59,2.25,2.14,1.47,5.23,1,3.39,5.1,0.82,1.77,3.23,
1906,precipitation,2.96,2.66,5.45,2.15,4.91,2.57,5.38,1.58,2.64,3.88,2.55,3.96,
1907,precipitation,2.54,1.88,1.66,3.31,3.12,2.56,1.09,1.1,7.43,2.54,6.02,4.31,
1908,precipitation,2.47,2.96,2.97,1.7,3.78,1.08,3.17,4.35,0.68,3.7,0.74,2.47,
1909,precipitation,3.94,4.71,3.28,3.92,2.33,4.45,0.97,3.55,5.15,1.07,4.11,3.19,
1910,precipitation,4.25,3.44,1.25,2.22,1.02,4.89,1.15,0.98,2.14,1.14,3.75,2.1,
1911,precipitation,2.28,2.85,2.95,2.28,0.35,3.67,4.65,4.17,2.95,2.27,4.29,3.07,
1912,precipitation,2.87,2.38,4.18,3.07,4.04,0.27,5.16,1.94,1.67,1,2.61,5.36,
1913,precipitation,2.38,2.99,4.81,4.77,3.22,0.64,2.69,2.86,2.51,6.04,2.15,3.05,
1914,precipitation,3.26,3.07,4.16,5.87,2.78,1.4,2.64,3.2,0.21,1.54,2.72,3.46,
1915,precipitation,6.33,3.47,,1.86,1.64,1.39,8.85,5.63,0.69,2.82,2.14,3.94,
1916,precipitation,1.23,5.18,3.2,4.5,2.83,5.04,5.67,2.19,1.9,0.94,1.67,3,
1917,precipitation,2.82,2.67,3.73,2.72,4.45,4.05,1.1,7.06,1.91,5.33,0.59,2.56,
1918,precipitation,3.11,2.3,3.19,3.08,1.99,1.94,2.64,1.56,9.19,0.99,1.2,3.21,
1919,precipitation,3.62,2.66,4.11,2.33,4.25,1.08,4.63,5.07,5.83,2.13,5.36,1.63,
1920,precipitation,2.72,5.88,3.72,5.68,5.26,5.78,1.56,2.32,1.9,1.64,5.46,3.89,
1921,precipitation,2.24,2.64,1.92,4.62,3.63,3.58,11.69,1.63,1.22,1.24,6.19,2.35,
1922,precipitation,1.41,2.64,4.3,2.48,5.34,8.05,2.63,4.75,3.65,1.97,0.84,3.01,
1923,precipitation,6.07,1.48,2.49,5.26,0.83,2.03,3.36,2.07,0.38,3.37,2.78,4.99,
1924,precipitation,3.27,2.61,2.04,3.79,2.81,1.07,2.04,6.86,6.96,0.06,1.93,1.48,
1925,precipitation,3.97,1.55,5.21,2.48,2.57,4.59,3.54,1.4,3.45,4.03,4.16,5.2,
1926,precipitation,2.53,5.56,2.91,1.73,3.31,1.33,6.06,3.91,1.08,3.58,4.07,3.96,
1927,precipitation,2.61,3.28,1.19,1.26,2.5,2.43,4.77,6.73,2.44,3.77,4.71,5.22,
1928,precipitation,1.66,2.66,1.56,4.68,3.08,5.56,4.14,2.45,4.47,2.88,1.85,2.61,
1929,precipitation,3.82,3.78,2.79,7.52,2.82,2.3,1.35,2.22,0.76,2.38,3.01,4.43,
1930,precipitation,2.77,2.23,3.02,1.95,3.39,2.24,3.36,3.03,0.22,5.29,4.03,2.99,
1931,precipitation,4.09,4.21,4.66,3.11,4.51,9.15,2.43,4.45,1.5,2.18,0.82,2.9,
1932,precipitation,4.24,1.74,5.28,1.67,1.63,2.05,2.1,4.24,4.43,7.18,5.24,1.78,
1933,precipitation,1.14,3.77,6.8,7.37,2.74,1.22,2.63,3.41,10.94,3.11,0.65,2.93,
1934,precipitation,1.77,4.45,4.04,3.21,1.56,3.21,1.25,1.83,5.65,2.94,1.78,1.64,
1935,precipitation,6.13,3.26,1.52,4.77,1.35,5.07,1.1,2.14,2.69,0.34,3.91,0.66,
1936,precipitation,6.46,3.66,6.4,3.54,1.7,2.37,1.02,5.15,3.79,2.67,1.33,8.18,
1937,precipitation,3.93,1.31,3.57,5.34,2.52,3.45,1.17,4.94,3.69,3.95,4.66,4.7,
1938,precipitation,4.91,2.22,2.42,3.22,4.42,6.3,9.46,3.31,5.43,1.82,2.86,2.8,
1939,precipitation,2.18,3.79,5.23,4.54,1.29,2.7,0.75,2.14,1.01,4.77,1.14,2.91,
1940,precipitation,1.67,4.74,3.83,4.58,3.28,1.8,3.17,0.85,2.32,0.76,6.23,2.76,
1941,precipitation,4.21,1.7,3.4,1.7,2.43,4.29,2.9,1.55,1.18,1.92,2.4,3.19,
1942,precipitation,3.69,3.45,7,1.59,2.11,4.24,4.14,2.09,1.96,2.78,4.69,4.72,
1943,precipitation,3.74,1.23,4.02,2.64,4.56,1.49,3.91,1.28,1.41,4.82,2.16,0.99,
1944,precipitation,2.03,2.15,3.92,3.52,0.25,5.35,1.61,1.79,5.36,2.58,5.68,2.83,
1945,precipitation,3.67,4.09,1.9,2.02,4.47,6.44,2.12,4.27,1.81,2.23,6.86,7.42,
1946,precipitation,4.18,3,1.5,2.62,4.91,2.76,2.22,9.92,2.04,0.34,0.98,3.6,
1947,precipitation,2.45,1.44,2.3,4.15,4.36,2.88,3.98,2.19,3.95,1.13,5.13,3.95,
1948,precipitation,5.11,2.08,3.14,2.62,5.37,4.5,4.53,1.24,0.67,4.84,5.16,1.25,
1949,precipitation,3.21,3.25,1.66,3.23,2.53,0.93,1.1,2.12,6.47,1.6,3.71,1.64,
1950,precipitation,3.86,3.81,2.99,2.38,1.55,1.1,1.45,3.14,0.89,1.99,6.17,3.37,
1951,precipitation,4.04,3.71,4.41,3.06,4.81,4.31,2.13,3.23,2,3.98,6.6,4.69,
1952,precipitation,4.31,4.71,4.41,4.41,3.57,3.26,0.52,6.86,1.13,1.61,1.72,4.09,
1953,precipitation,6.28,4.14,11,6.04,5.06,0.48,2.76,1.81,2.5,4.91,7.66,5.09,
1954,precipitation,3.26,3.37,3.33,5.25,13.38,2.78,2.5,5.64,8.31,3.58,5.52,5.4,
1955,precipitation,0.92,4.11,5.42,4.12,0.99,3.52,4.28,17.09,2.4,6.94,5.68,1.03,
1956,precipitation,6.99,4.36,5.39,2.94,1.85,2.03,3.32,1.46,5.07,4.39,3.46,6.13,
1957,precipitation,2.47,1.34,3.38,3.78,3.63,1.62,0.64,1.71,0.35,2.67,5.75,6.58,
1958,precipitation,9.54,5.87,4.48,7.82,4.45,2.96,3.91,5.37,7.5,4.62,3.35,1.78,
1959,precipitation,2.72,3.45,5.81,4.44,1.24,8.63,8.12,2.93,0.63,4.6,4.2,4.64,
1960,precipitation,3.04,4.84,3.23,3.51,3.8,3.46,5.18,1.64,5.97,2.48,2.49,4.82,
1961,precipitation,2.92,4.94,4.71,6.59,4.51,1.67,3.29,3.17,7.04,2.46,3.18,3.36,
1962,precipitation,3.11,4.16,1.48,3.85,1.86,2.33,1.61,3.72,4.1,8.68,3.8,4.53,
1963,precipitation,3.13,2.6,4.39,1.48,2.86,1.92,1.72,1.67,3.05,1.25,7.74,3.03,
1964,precipitation,4.56,4.67,3.48,3.69,0.53,1.91,3.12,1.78,2.65,2.82,2.18,5.08,
1965,precipitation,2.64,3.17,2.22,2.32,0.93,2.99,0.55,1.48,2.01,1.59,2.08,1.73,
1966,precipitation,5.29,3.48,1.98,1.24,2.66,3.4,3.21,1.25,3.42,2.62,4.43,3.03,
1967,precipitation,2.28,4.05,4.67,4.83,7.32,3.48,2.47,5.74,2,0.96,3.38,6.42,
1968,precipitation,3.85,1.15,7.86,1.72,3.26,5.65,0.55,1.63,1.79,1.85,6.74,6.23,
1969,precipitation,2.26,7.08,2.63,4.37,1.96,0.63,2.98,1.89,4.42,1.64,8.18,9.74,
1970,precipitation,0.89,4.65,4.32,2.79,3.01,4.62,1.27,4.12,2.6,2.63,4.09,6.92,
1971,precipitation,1.88,5.05,3.08,2.92,3.72,1.74,2.84,1.59,1.55,2.16,6.74,2.4,
1972,precipitation,2.05,5.29,5.37,3.34,5.26,6.76,2.19,0.83,5.94,2.98,7.02,6.08,
1973,precipitation,3.12,2.13,2.2,5.65,3.76,4.68,4.83,2.78,1.95,2.71,1.74,7.2,
1974,precipitation,3.22,3.24,4.01,3.86,2.87,2.29,1.54,3.41,7.03,3.12,1.73,3.92,
1975,precipitation,5.7,3.37,2.74,2.4,1.78,2.1,2.35,5.52,5.49,4.41,5.13,4.8,
1976,precipitation,5.29,2.45,2.42,2,1.98,0.58,4.3,7.99,1.56,4.16,0.64,3.35,
1977,precipitation,4.41,2.4,4.76,4.07,3.52,2.49,2.21,2.91,4.03,4.63,2.54,6.2,
1978,precipitation,8.12,2.87,2.46,1.79,4.5,1.53,1.48,4.62,1.3,3.13,2.21,3.63,
1979,precipitation,10.55,3.46,3.03,3.19,4.24,0.86,2.36,5.02,3.61,3.14,3.29,1.42,
1980,precipitation,0.74,0.88,5.37,4.36,2.3,3.05,2.2,1.55,0.82,4.14,3.01,0.97,
1981,precipitation,0.95,6.65,0.62,3.14,1.17,1.65,3.47,1.04,2.54,3.43,4.78,6.27,
1982,precipitation,4.69,2.66,2.17,3.42,2.58,13.2,4.22,2.22,1.57,3.19,3.42,1.27,
1983,precipitation,5.03,5,9.72,6.86,2.94,1.07,1.07,3.28,1.06,3.74,8.89,4.94,
1984,precipitation,2.31,7.81,6.82,4.43,8.77,3.06,4.43,1.6,1.22,5.18,1.68,2.93,
1985,precipitation,1.12,1.83,2.29,1.62,3.36,3.94,3.51,6.67,3,1.65,6.39,1.21,
1986,precipitation,3.42,2.83,3.42,1.59,1.31,7.74,3.96,3.32,1.08,3.27,6.01,6.38,
1987,precipitation,7.28,0.72,4.27,9.46,1.75,2.62,0.82,2.93,7.29,2.73,3.49,2.12,
1988,precipitation,2.5,3.93,3.52,1.47,2.86,1.29,7.62,1.11,1.29,1.6,6.57,1.02,
1989,precipitation,0.61,2.51,3.07,3.58,3.54,2.84,5.09,5.92,4.61,5.71,4.13,0.81,
1990,precipitation,3.78,3.6,1.71,5.94,6.53,0.69,4.08,6.57,1.67,7.36,1.39,3.18,
1991,precipitation,3.24,1.58,4.33,4.84,0.92,2.89,1.95,5.27,6.32,4.27,4.06,2.58,
1992,precipitation,3.11,2.28,3.59,2.34,1.4,4.61,2.66,4.25,3.46,1.62,6.14,8.26,
1993,precipitation,2.17,4.94,7.67,4.86,1.04,1.75,1.75,1.32,4.64,3.61,2.86,6.6,
1994,precipitation,5.22,2.95,7.49,2.25,5.35,0.86,1.8,7.03,4.58,0.41,4.31,5.37,
1995,precipitation,4.33,2.57,2.2,1.4,1.82,1.55,2.06,0.82,3.6,6.42,5.13,3.2,
1996,precipitation,7.44,3.17,2.36,4.38,2.73,1.03,5.23,1.54,6.09,10.66,2.18,5.71,
1997,precipitation,2.34,1.28,4.68,3.46,2.63,1.41,0.63,3.01,1.02,1.78,5.86,2.29,
1998,precipitation,4.76,5.54,4.15,3.58,6.84,11.58,2.47,3.37,3.03,5.38,1.38,1.59,
1999,precipitation,5.69,3.51,2.52,0.83,2.7,,3.51,1.33,9.86,4.3,2.14,1.52,
2000,precipitation,2.62,2.55,3.59,5.02,2.88,6.61,5.2,2.22,2.87,2.86,4.51,4.67,
2001,precipitation,1.58,1.37,7.57,0.88,1.23,4.99,2.13,4.14,2.29,0.98,0.73,2.83,
2002,precipitation,3.14,1.81,3.52,2.61,4.48,4.77,1.42,2.13,3.39,3.47,5.03,5.3,
2003,precipitation,1.81,4.21,4,4,4.12,4.69,2.11,,2.65,6.2,2.63,5.06,
2004,precipitation,1.01,1.45,3.38,9.57,3.07,1.95,3.87,4.38,7.44,1.88,2.91,3.66,
2005,precipitation,4.45,2.7,3.89,3.17,3.98,1.46,3.37,2.88,1.78,9.41,3.71,2.87,
2006,precipitation,4.6,2.64,0.56,1.83,12.48,10.09,3.58,3.2,1.72,4.5,5.8,1.89,
2007,precipitation,2.57,2.2,4.31,6.71,3.7,2.12,5.26,0.66,1.81,2.08,2.8,5.25,
2008,precipitation,2.69,7.94,4.66,2.98,2.73,3.46,6,4.47,6.45,1.41,4.57,7.1,
2009,precipitation,3.35,1.94,2.51,4.13,2.69,3.22,6.9,3.24,3.09,5.17,3.34,3.91,
2010,precipitation,2.91,3.34,14.87,1.78,2.9,3.18,2.66,5.75,1.8,3.9,2.96,3.61,
2011,precipitation,4.57,4.57,2.1,4.03,3.23,4.76,2.04,7.74,4.4,6.77,4.21,3.97,
2012,precipitation,2.67,1,1.21,3.09,3.43,4.71,3.88,3.08,4.1,2.62,1.01,5.93,
2013,precipitation,1.08,5.26,3.32,1.37,3.22,10.5,3.61,1.84,2.21,0.61,2.72,4.62,
2014,precipitation,3.24,4.13,4.48,3.24,2.86,2.62,4.57,1.75,0.7,5.83,5.27,6.56,
2015,precipitation,3.57,3.37,3.05,2.28,1.22,5.01,2.09,2.19,3.93,1.74,2.07,4.28,
2016,precipitation,3.27,4.17,3.16,2.91,2.83,1.33,0.87,1.72,1.38,5.46,2.7,3.25,
2017,precipitation,4.25,3.22,4.18,5.73,3.45,4.85,4.03,1.58,3.73,4.14,1.8,2.49,
2018,precipitation,4.92,3.77,5.07,4.62,1.9,2.96,4.55,4.65,5.12,3.78,9.26,2.72,
2019,precipitation,3.62,3.45,2.95,6.52,3.35,5.15,5.81,3.48,2.16,4.45,3.37,6.07,
2020,precipitation,1.39,3.3,3.6,4.33,2.21,2.66,1.95,2.28,0.97,4.98,4.2,5.67,
2021,precipitation,2.02,3.05,1.89,4.44,4.92,2.57,10.07,7,7.47,5.11,1.34,2.45,
2022,precipitation,2.33,4.61,2.93,2.32,1.32,2.33,0.62,1.47,2.6,4.28,2.69,3.75,
2023,precipitation,5.23,1.36,4.29,3.1,2.25,3.44,10.43,6.46,3.75,,,,
1872,CDD base 65,,,0,1,16,175,338,265,75,2,0,0,
1873,CDD base 65,0,0,0,0,41,130,267,171,61,0,0,0,
1874,CDD base 65,0,0,0,0,19,117,259,127,64,0,0,0,
1875,CDD base 65,0,0,0,0,44,130,227,207,43,0,0,0,
1876,CDD base 65,0,0,0,0,22,177,299,187,22,0,0,0,
1877,CDD base 65,0,0,0,0,34,105,202,229,87,4,0,0,
1878,CDD base 65,0,0,0,0,10,82,284,158,86,15,0,0,
1879,CDD base 65,0,0,0,0,56,108,203,181,40,33,0,0,
1880,CDD base 65,0,0,0,0,116,177,218,213,91,0,0,0,
1881,CDD base 65,0,0,0,0,33,54,179,225,132,26,0,0,
1882,CDD base 65,0,0,0,0,5,121,278,219,79,12,0,0,
1883,CDD base 65,0,0,0,0,17,182,222,141,13,5,0,0,
1884,CDD base 65,0,0,0,0,10,162,143,167,145,11,0,0,
1885,CDD base 65,0,0,0,7,13,124,227,139,25,0,0,0,
1886,CDD base 65,0,0,0,2,15,38,203,136,60,6,0,0,
1887,CDD base 65,0,0,0,1,42,83,304,115,20,0,0,0,
1888,CDD base 65,0,0,0,0,1,100,151,178,35,0,0,0,
1889,CDD base 65,0,0,0,1,46,151,157,107,53,0,0,0,
1890,CDD base 65,0,0,0,0,3,72,211,144,44,1,0,0,
1891,CDD base 65,0,0,0,4,11,107,139,178,91,7,0,0,
1892,CDD base 65,0,0,0,0,10,175,258,193,33,2,0,0,
1893,CDD base 65,,,,,,,210,165,13,,,,
1894,CDD base 65,,,,,,,283,134,88,0,,,
1895,CDD base 65,,,0,1,,,152,198,,0,,,
1896,CDD base 65,,,0,6,49,107,235,197,38,3,0,0,
1897,CDD base 65,0,0,0,4,2,50,230,155,71,31,0,0,
1898,CDD base 65,0,0,0,0,13,103,237,260,117,20,0,0,
1899,CDD base 65,0,0,0,3,26,161,253,134,27,2,0,0,
1900,CDD base 65,0,0,0,1,18,151,284,207,96,23,0,0,
1901,CDD base 65,0,0,0,0,11,152,276,184,98,0,0,0,
1902,CDD base 65,,0,0,0,28,49,133,110,46,4,0,0,
1903,CDD base 65,0,0,0,11,53,15,217,71,98,3,0,0,
1904,CDD base 65,0,0,0,0,44,94,213,140,56,0,0,0,
1905,CDD base 65,0,0,0,0,28,105,266,165,32,12,0,0,
1906,CDD base 65,,0,0,0,22,110,176,232,84,0,0,0,
1907,CDD base 65,0,0,0,0,7,130,233,161,88,0,0,0,
1908,CDD base 65,,0,0,12,46,173,296,172,81,13,0,0,
1909,CDD base 65,0,0,0,2,10,191,212,160,31,3,0,0,
1910,CDD base 65,0,0,0,0,17,123,316,139,40,27,0,0,
1911,CDD base 65,0,0,0,8,72,79,385,155,61,0,0,0,
1912,CDD base 65,0,0,0,2,30,152,266,154,84,17,0,0,
1913,CDD base 65,0,0,0,2,1,121,282,189,54,0,0,0,
1914,CDD base 65,0,0,0,7,,119,158,183,129,24,0,0,
1915,CDD base 65,0,0,0,1,6,58,173,163,147,10,0,0,
1916,CDD base 65,0,0,0,0,10,45,250,223,83,20,0,0,
1917,CDD base 65,0,0,0,0,1,100,275,254,26,0,0,0,
1918,CDD base 65,0,0,0,0,56,60,211,190,30,16,0,0,
1919,CDD base 65,0,0,0,0,29,143,291,140,52,9,0,0,
1920,CDD base 65,0,0,0,0,8,131,242,224,63,12,0,0,
1921,CDD base 65,0,0,0,1,54,139,270,158,131,3,0,0,
1922,CDD base 65,0,0,0,0,35,149,229,183,93,27,0,0,
1923,CDD base 65,0,0,0,11,23,182,182,162,,6,0,0,
1924,CDD base 65,0,0,0,0,1,118,288,223,49,5,,0,
1925,CDD base 65,0,0,0,7,6,204,236,214,93,0,0,0,
1926,CDD base 65,0,0,0,0,6,78,197,183,34,14,0,0,
1927,CDD base 65,0,0,0,8,1,73,236,109,64,35,7,0,
1928,CDD base 65,0,0,0,2,0,89,264,280,50,31,3,0,
1929,CDD base 65,0,0,0,2,63,146,247,150,117,0,5,0,
1930,CDD base 65,0,0,0,0,59,243,251,188,165,11,0,0,
1931,CDD base 65,0,0,0,0,70,122,287,229,130,21,4,0,
1932,CDD base 65,0,0,0,0,53,117,249,289,79,28,0,0,
1933,CDD base 65,0,0,0,0,58,190,206,223,85,0,0,0,
1934,CDD base 65,0,0,0,0,36,121,258,125,41,0,0,0,
1935,CDD base 65,0,0,0,7,20,112,248,198,18,1,0,0,
1936,CDD base 65,0,0,0,4,49,,201,181,50,11,3,0,
1937,CDD base 65,0,0,0,0,27,81,265,312,69,3,0,0,
1938,CDD base 65,0,0,0,9,4,119,224,278,30,15,8,0,
1939,CDD base 65,0,0,0,,33,85,233,282,75,15,0,0,
1940,CDD base 65,0,0,0,0,1,78,222,143,63,3,0,0,
1941,CDD base 65,0,0,0,6,41,159,209,187,122,19,0,0,
1942,CDD base 65,0,0,0,8,36,138,201,206,92,4,0,0,
1943,CDD base 65,0,0,0,0,15,206,294,198,57,5,0,0,
1944,CDD base 65,0,0,0,0,69,137,280,319,92,13,0,0,
1945,CDD base 65,0,0,8,14,6,147,222,202,139,3,1,0,
1946,CDD base 65,0,0,9,0,22,153,206,129,86,30,0,0,
1947,CDD base 65,0,0,0,0,38,99,298,261,133,62,0,0,
1948,CDD base 65,0,0,0,0,2,77,304,277,101,9,1,0,
1949,CDD base 65,0,0,0,0,49,225,357,301,56,22,0,0,
1950,CDD base 65,0,0,0,0,1,143,271,193,52,20,2,0,
1951,CDD base 65,0,0,0,0,38,100,285,185,90,0,0,0,
1952,CDD base 65,0,0,0,1,3,183,395,236,110,2,0,0,
1953,CDD base 65,0,0,0,0,16,203,265,225,118,9,0,0,
1954,CDD base 65,0,0,0,5,25,115,229,176,59,59,0,0,
1955,CDD base 65,0,0,0,1,69,135,382,307,76,7,0,0,
1956,CDD base 65,0,0,0,0,16,178,230,227,63,7,0,0,
1957,CDD base 65,0,0,0,8,48,219,288,148,131,1,0,0,
1958,CDD base 65,0,0,0,0,10,62,242,238,78,12,0,0,
1959,CDD base 65,0,0,0,0,76,89,309,296,179,18,0,0,
1960,CDD base 65,0,0,0,0,9,175,260,239,71,0,0,0,
1961,CDD base 65,0,0,0,0,25,145,234,243,179,14,2,0,
1962,CDD base 65,0,0,0,4,38,142,177,175,51,3,0,0,
1963,CDD base 65,0,0,0,0,32,179,310,182,43,49,0,0,
1964,CDD base 65,0,0,0,0,48,124,223,76,55,0,0,0,
1965,CDD base 65,0,0,0,0,30,159,196,213,67,0,0,0,
1966,CDD base 65,0,0,0,0,26,185,317,202,51,2,0,0,
1967,CDD base 65,0,0,0,0,0,131,250,190,49,8,0,0,
1968,CDD base 65,0,0,0,0,3,79,325,195,51,37,0,0,
1969,CDD base 65,0,0,0,9,13,156,196,297,74,1,0,0,
1970,CDD base 65,0,0,0,0,25,118,294,273,91,9,0,0,
1971,CDD base 65,0,0,0,0,6,155,269,271,132,15,1,0,
1972,CDD base 65,0,0,0,0,26,74,279,213,79,0,0,0,
1973,CDD base 65,0,0,0,7,18,180,296,316,84,3,0,0,
1974,CDD base 65,0,0,0,10,22,81,235,226,68,1,3,0,
1975,CDD base 65,0,0,0,0,60,139,345,261,44,9,4,0,
1976,CDD base 65,0,0,0,43,25,276,251,231,61,8,0,0,
1977,CDD base 65,0,0,1,13,92,124,314,272,75,6,0,0,
1978,CDD base 65,0,0,0,0,40,122,237,221,48,0,0,0,
1979,CDD base 65,0,0,0,0,35,122,304,226,85,17,0,0,
1980,CDD base 65,0,0,0,0,18,114,347,299,137,1,0,0,
1981,CDD base 65,0,0,0,0,67,185,306,232,60,0,0,0,
1982,CDD base 65,0,0,0,0,15,67,314,192,49,10,2,0,
1983,CDD base 65,0,0,0,7,18,200,410,283,217,27,0,0,
1984,CDD base 65,0,0,0,3,31,207,312,306,62,3,0,0,
1985,CDD base 65,0,0,0,5,30,72,271,183,83,8,0,0,
1986,CDD base 65,0,0,0,0,60,105,211,190,55,10,0,0,
1987,CDD base 65,0,0,0,0,48,87,221,189,76,0,2,0,
1988,CDD base 65,0,0,0,0,31,173,287,342,59,11,0,0,
1989,CDD base 65,0,0,1,0,29,142,248,214,89,0,0,0,
1990,CDD base 65,0,0,0,10,2,116,261,268,77,34,8,0,
1991,CDD base 65,0,0,0,3,79,189,304,287,79,15,0,0,
1992,CDD base 65,0,0,0,0,30,126,165,189,83,5,0,0,
1993,CDD base 65,0,0,0,0,28,173,310,273,89,0,2,0,
1994,CDD base 65,0,0,0,1,29,221,395,241,44,1,4,0,
1995,CDD base 65,0,0,0,0,24,147,344,252,64,15,0,0,
1996,CDD base 65,0,0,0,3,30,120,222,196,63,0,1,0,
1997,CDD base 65,0,0,0,0,0,189,280,202,66,12,0,0,
1998,CDD base 65,0,0,16,2,52,59,298,240,83,1,0,0,
1999,CDD base 65,0,0,0,0,11,215,344,213,110,0,0,0,
2000,CDD base 65,0,0,0,0,15,151,167,174,71,5,0,0,
2001,CDD base 65,0,0,0,9,55,210,160,283,83,20,0,0,
2002,CDD base 65,0,0,0,8,18,133,324,330,138,21,0,0,
2003,CDD base 65,0,0,0,3,3,94,298,300,57,0,0,0,
2004,CDD base 65,0,0,0,3,24,104,198,231,72,0,0,0,
2005,CDD base 65,0,0,0,5,1,176,274,299,126,13,0,0,
2006,CDD base 65,0,0,0,0,20,158,343,218,60,4,0,0,
2007,CDD base 65,0,0,0,4,68,159,253,257,135,31,0,0,
2008,CDD base 65,0,0,0,2,13,195,318,165,95,1,0,0,
2009,CDD base 65,0,0,0,18,28,33,191,281,40,0,0,0,
2010,CDD base 65,0,0,0,3,70,186,385,278,147,13,0,0,
2011,CDD base 65,0,0,0,3,55,135,389,282,118,25,0,0,
2012,CDD base 65,0,0,9,16,34,135,329,304,72,6,0,0,
2013,CDD base 65,0,0,0,0,38,171,383,229,82,16,1,0,
2014,CDD base 65,0,0,0,1,21,138,291,188,120,10,0,0,
2015,CDD base 65,0,0,0,0,61,97,285,307,167,1,3,0,
2016,CDD base 65,0,0,0,3,42,129,358,362,128,13,0,0,
2017,CDD base 65,0,0,0,19,41,191,250,228,111,40,0,0,
2018,CDD base 65,0,0,0,0,73,141,352,391,153,22,0,0,
2019,CDD base 65,0,0,0,8,21,126,433,290,126,9,0,0,
2020,CDD base 65,0,0,0,0,34,174,328,291,94,3,0,0,
2021,CDD base 65,0,0,0,0,64,290,246,376,156,14,0,0,
2022,CDD base 65,0,0,0,0,55,131,395,369,71,3,9,0,
2023,CDD base 65,0,0,0,5,39,106,332,216,136,,,,
